{"$type":"List`1","$values":[{"$id":"1","$type":"ProjectOptionEntry","key":"NetworkCollapsed","context":"{2232342-1739}","value":false},{"$id":"2","$type":"ProjectOptionEntry","key":"RestoreNetworkStates","context":"{2232321-1736}","value":true},{"$id":"3","$type":"ProjectOptionEntry","key":"NetworkCollapsed","context":"{2232342-1740}","value":false},{"$id":"4","$type":"ProjectOptionEntry","key":"NetworkCollapsed","context":"{2232342-1757}","value":false},{"$id":"5","$type":"ProjectOptionEntry","key":"RestoreNetworkStates","context":"{2232321-1754}","value":true},{"$id":"6","$type":"ProjectOptionEntry","key":"NetworkCollapsed","context":"{2232342-1758}","value":false},{"$id":"7","$type":"ProjectOptionEntry","key":"RestoreNetworkStates","context":"{2232321-1567}","value":true},{"$id":"8","$type":"ProjectOptionEntry","key":"LastSelection@Siemens.Simatic.PlcLanguages.PLFrame.BasicLanguageEditor","context":"{2232321-1567}","value":{"$id":"9","$type":"SessionState","NetworkStates":{"$id":"10","$type":"Dictionary`2","6":5},"FocusedComponent":4,"ComponentUndoState":{"$id":"11","$type":"FLGViewSessionState","SelectedElements":{"$type":"String[]","$values":["<?xml version=\"1.0\" encoding=\"utf-16\"?><ConnectionElement UId=\"23\" Label=\"false\" />"]},"RelevantSettings":null}}},{"$id":"12","$type":"ProjectOptionEntry","key":"NetworkCollapsed","context":"{2232342-1788}","value":false},{"$id":"13","$type":"ProjectOptionEntry","key":"RestoreNetworkStates","context":"{2232321-1785}","value":true},{"$id":"14","$type":"ProjectOptionEntry","key":"NetworkCollapsed","context":"{2232342-1791}","value":false},{"$id":"15","$type":"ProjectOptionEntry","key":"NetworkCollapsed","context":"{2232342-1815}","value":false},{"$id":"16","$type":"ProjectOptionEntry","key":"NetworkCollapsed","context":"{2232342-1819}","value":false},{"$id":"17","$type":"ProjectOptionEntry","key":"RestoreNetworkStates","context":"{2232321-1816}","value":true},{"$id":"18","$type":"ProjectOptionEntry","key":"NetworkCollapsed","context":"{2232342-1820}","value":false},{"$id":"19","$type":"ProjectOptionEntry","key":"LastSelection@Siemens.Simatic.PlcLanguages.SCLEditor.SCLEditorView","context":"{2232321-1663}","value":{"$id":"20","$type":"SessionDataUndo","CaretPositionRC":"0, 7"}},{"$id":"21","$type":"ProjectOptionEntry","key":"LastSelection@Siemens.Simatic.PlcLanguages.SCLEditor.SCLEditorView","context":"{2232321-1674}","value":{"$id":"22","$type":"SessionDataUndo","CaretPositionRC":"0, 4"}},{"$id":"23","$type":"ProjectOptionEntry","key":"LastSelection@Siemens.Simatic.PlcLanguages.SCLEditor.SCLEditorView","context":"{2232321-1688}","value":{"$id":"24","$type":"SessionDataUndo","CaretPositionRC":"4, 2"}},{"$id":"25","$type":"ProjectOptionEntry","key":"NetworkCollapsed","context":"{2232342-1835}","value":false},{"$id":"26","$type":"ProjectOptionEntry","key":"LastSelection@Siemens.Simatic.PlcLanguages.PLFrame.BasicLanguageEditor","context":"{2232321-1816}","value":{"$id":"27","$type":"SessionState","NetworkStates":{"$id":"28","$type":"Dictionary`2","2":5},"FocusedComponent":4,"ComponentUndoState":{"$id":"29","$type":"FLGViewSessionState","SelectedElements":{"$type":"String[]","$values":["<?xml version=\"1.0\" encoding=\"utf-16\"?><Operand UId=\"34\" RefId=\"14\" OwnerUId=\"32\" ParaNum=\"-1\" Formalname=\"MIN\" />"]},"RelevantSettings":null}}},{"$id":"30","$type":"ProjectOptionEntry","key":"LastSelection@Siemens.Simatic.PlcLanguages.PLFrame.BasicLanguageEditor","context":"{2232321-1785}","value":{"$id":"31","$type":"SessionState","NetworkStates":{"$id":"32","$type":"Dictionary`2","1":5},"FocusedComponent":4,"ComponentUndoState":{"$id":"33","$type":"FLGViewSessionState","SelectedElements":{"$type":"String[]","$values":["<?xml version=\"1.0\" encoding=\"utf-16\"?><ConnectionElement UId=\"23\" Label=\"false\" />"]},"RelevantSettings":null}}},{"$id":"34","$type":"ProjectOptionEntry","key":"LastSelection@Siemens.Simatic.PlcLanguages.PLFrame.BasicLanguageEditor","context":"{2232321-1754}","value":{"$id":"35","$type":"SessionState","NetworkStates":{"$id":"36","$type":"Dictionary`2","1":5},"FocusedComponent":4,"ComponentUndoState":{"$id":"37","$type":"FLGViewSessionState","SelectedElements":{"$type":"String[]","$values":["<?xml version=\"1.0\" encoding=\"utf-16\"?><Connector UId=\"-1\" FormalName=\"IN\" OwnerUId=\"23\" ParaNum=\"-1\" />"]},"RelevantSettings":null}}},{"$id":"38","$type":"ProjectOptionEntry","key":"LastSelection@Siemens.Simatic.PlcLanguages.PLFrame.BasicLanguageEditor","context":"{2232321-1736}","value":{"$id":"39","$type":"SessionState","NetworkStates":{"$id":"40","$type":"Dictionary`2","1":5},"FocusedComponent":4,"ComponentUndoState":{"$id":"41","$type":"FLGViewSessionState","SelectedElements":{"$type":"String[]","$values":["<?xml version=\"1.0\" encoding=\"utf-16\"?><ConnectionElement UId=\"28\" Label=\"false\" />"]},"RelevantSettings":null}}},{"$id":"42","$type":"ProjectOptionEntry","key":"NetworkCollapsed","context":"{2232342-2090}","value":false},{"$id":"43","$type":"ProjectOptionEntry","key":"NetworkCollapsed","context":"{2232342-2091}","value":false},{"$id":"44","$type":"ProjectOptionEntry","key":"NetworkCollapsed","context":"{2232342-2092}","value":false},{"$id":"45","$type":"ProjectOptionEntry","key":"NetworkCollapsed","context":"{2232342-2093}","value":false},{"$id":"46","$type":"ProjectOptionEntry","key":"NetworkCollapsed","context":"{2232342-2094}","value":false},{"$id":"47","$type":"ProjectOptionEntry","key":"NetworkCollapsed","context":"{2232342-2095}","value":false}]}